{
   "fields":{
   
    "type": {
            "type": "enum",
            "options": ["voice", "fax"],
            "default": "voice",
            "required": true
        },
      "group":{
         "type":"varchar",
         "required":true
      },
      "campaign":{
         "type":"varchar",
         "required":true
      },
      "contactcsv": {
            "type": "attachmentMultiple"
        },
      "record": {
            "type": "attachmentMultiple"
        },
      "account":{
         "type":"link"
      },
      "createdAt":{
         "type":"datetime",
         "readOnly":true
      },
      "modifiedAt":{
         "type":"datetime",
         "readOnly":true
      },
      "createdBy":{
         "type":"link",
         "readOnly":true
      },
      "modifiedBy":{
         "type":"link",
         "readOnly":true
      },
      "assignedUser":{
         "type":"link",
         "required":true
      },
      "teams":{
         "type":"linkMultiple"
      }
   },
   "links":{
      "createdBy":{
         "type":"belongsTo",
         "entity":"User"
      },
      "modifiedBy":{
         "type":"belongsTo",
         "entity":"User"
      },
      "assignedUser":{
         "type":"belongsTo",
         "entity":"User"
      },
      "teams":{
         "type":"hasMany",
         "entity":"Team",
         "relationName":"EntityTeam"
      },
      "account":{
         "type":"belongsTo",
         "entity":"Account",
         "foreign":"projects"
      },
      "projectTasks":{
         "type":"hasMany",
         "entity":"ProjectTask",
         "foreign":"project"
      }
   },
   "collection":{
      "sortBy":"createdAt",
      "asc":false,
      "boolFilters":[
         "onlyMy"
      ]
   }
}